{
    "name": "custom.remote.python.generic_linux_commands",
    "version": "1.0.3",
    "type": "python",
    "entity": "CUSTOM_DEVICE",
    "technologies": [
        "Generic Linux"
    ],
    "metricGroup": "tech.Linux",
    "source": {
        "package": "generic_commands",
        "className": "GenericCommandsExtension",
        "install_requires": [
            "paramiko",
            "dt",
            "cryptography<=37.0.4"
        ]
    },
    "activation": "Remote",
    "properties": [
        { "key": "api_url", "type": "String" },
        { "key": "api_token", "type": "Password" },
        { "key": "hostname", "type": "String" },
        { "key": "username", "type": "String" },
        { "key": "password", "type": "Password" },
        { "key": "second_username", "type": "String" },
        { "key": "second_password", "type": "Password" },
        { "key": "ssh_key_file", "type": "String" },
        { "key": "ssh_key_passphrase", "type": "Password" },
        { "key": "frequency", "type": "String", "defaultValue": "15" },
        { "key": "port", "type": "String", "defaultValue": "22" },
        { "key": "extraction_type", "type": "Dropdown", "dropdownValues": [ "SINGLE_VALUE", "MULTIPLE_VALUES" ], "defaultValue": "SINGLE_VALUE" },
        { "key": "key_value_delimiter", "type": "String" },
        { "key": "metric_pair_delimiter", "type": "String" },
        { "key": "command", "type": "String" },
        { "key": "log_level", "type": "Dropdown", "dropdownValues": [ "INFO", "DEBUG" ], "defaultValue": "INFO" }
    ],
    "metrics": [],
    "ui": {},
    "configUI": {
        "displayName": "Generic Linux Commands",
        "properties": [
            {
                "key": "frequency",
                "displayName": "Execution frequency",
                "displayHint": "Command execution frequency (in minutes).",
                "displayOrder": 1
            },
            {
                "key": "api_url",
                "displayName": "Dynatrace tenant URL",
                "displayHint": "https://localhost:9999/e/<environment_id> or https://<my.managed.host>/e/<environment_id> or https://<environment_id>.live.dynatrace.com",
                "displayOrder": 2
            },
            {
                "key": "api_token",
                "displayName": "Dynatrace API Token",
                "displayHint": "Requires \"Ingest metrics (V2)\" permission",
                "displayOrder": 3
            },
            {
                "key": "hostname",
                "displayName": "Hostname",
                "displayOrder": 4
            },
            {
                "key": "port",
                "displayName": "SSH Port",
                "displayOrder": 5
            },
            {
                "key": "username",
                "displayName": "Username",
                "displayOrder": 6
            },
            {
                "key": "password",
                "displayName": "Password",
                "displayOrder": 7
            },
            {
                "key": "second_username",
                "displayName": "(Optional) Second username",
                "displayHint": "Only needed if command should be run by a different user than the one used for login (su <second_user> -c <command>)",
                "displayOrder": 8
            },
            {
                "key": "second_password",
                "displayName": "(Optional) Second password",
                "displayHint": "Only needed if command should be run by a different user than the one used for login",
                "displayOrder": 9
            },
            {
                "key": "ssh_key_file",
                "displayName": "(Optional) Private key file",
                "displayHint": "Path to a private key file to use for authentication",
                "displayOrder": 10
            },
            {
                "key": "ssh_key_passphrase",
                "displayName": "(Optional) Private key passphrase",
                "displayHint": "The private key passphrase if the key file uses one",
                "displayOrder": 11
            },
            {
                "key": "command",
                "displayName": "Command to run",
                "displayOrder": 12
            },
            {
                "key": "extraction_type",
                "displayName": "Metric extraction mode",
                "displayHint": "Either single value (the command response as-is), or multiple values (as key/value pairs)",
                "displayOrder": 13
            },
            {
                "key": "metric_pair_delimiter",
                "displayName": "(Multi value extraction) Metric pair delimiter",
                "displayHint": "A character by which metric pairs are separated in the command output (e.g. '\\n', ',')",
                "displayOrder": 14
            },
            {
                "key": "key_value_delimiter",
                "displayName": "(Multi value extraction) Key/value delimiter",
                "displayHint": "A character by which keys and values of a metric are separated in the command output (e.g. ':', ';', '=')",
                "displayOrder": 15
            },
            {
                "key": "log_level",
                "displayName": "Log level",
                "displayOrder": 16
            }
        ]
    }
}